"ID","pH","CE","MO","N","P","K","Ca","Mg","Al","CICe","BT","SAl","Arena","Limo","Arcilla","S2_01_B1","S2_02_B2","S2_03_B3","S2_04_B4","S2_05_B5","S2_06_B6","S2_07_B7","S2_08_B8","S2_09_B9","S2_10_B11","S2_11_B12","S2_12_NGRDI","S2_13_ExG","S2_14_ExR","S2_15_ExB","S2_16_IKAW","S2_17_GRRI","S2_18_ExGR","S2_19_GBDI","S2_20_MGRVI","S2_21_RGBVI","S2_22_VDVI","S2_23_VARI","S2_24_RGRI","S2_25_NGBDI","S2_26_CIVE","S2_27_NDVI","S2_28_EVI","S2_29_SAVI","S2_30_MSAVI","S2_31_NDWI","S2_32_GNDVI","S2_33_OSAVI","S2_34_ARVI","S2_35_SIPI","S2_36_CGI","S2_37_RVI","S2_38_CVI","S2_39_CCCI","S2_40_RECI","S2_41_SVI","S2_42_SSI","S2_43_SCI","S2_44_SMI","S2_45_MDE","S2_46_slope","S2_47_aspect","S2_48_TPI","S2_49_TRI","S2_50_flowdir","S2_51__ACP_1","S2_52__ACP_2","S2_53__ACP_3","coords.x1","coords.x2","optional"
1,"4.32","1.2","1.48","0.07","27.91","0.21","0.26","0.02","1.9","2.38","0.48","79.69","62.9","16.16","20.94",0.028999999165535,0.0308999996632338,0.0500000007450581,0.0322999991476536,0.0885000005364418,0.275400012731552,0.354900002479553,0.338499993085861,0.372399985790253,0.215900003910065,0.09740000218153,0.215066835284233,0.0368000008165836,-0.0047800000756979,-0.00674000009894371,0.0221518985927105,1.54798758029938,0.0415799990296364,0.0190999992191792,558.506286621094,0.429359614849091,0.22549019753933,0.344357967376709,0.646000027656555,0.236093938350677,18.7690505981445,0.825782120227814,0.43394461274147,0.527446031570435,0.537365078926086,-0.742599725723267,0.742599725723267,0.576865136623383,0.702304124832153,1.00457215309143,5.76999998092651,10.4798765182495,4.37341976165771,0.823565304279327,9.47987651824951,4.11300134658813,9.47987651824951,33.9139633178711,3.23726367950439,217.580810546875,4.05889225006104,0,0.217801675200462,0.532198309898376,64,-0.188555151224136,0.00477562891319394,-0.00733668264001608,512538,9056311,TRUE
2,"5","0.13","2.29","0.11","2.28","0.18","1.67","0.83","1.1","3.77","2.67","29.14","54.9","20.16","24.94",0.0381000004708767,0.0522999987006187,0.0614000000059605,0.0781999975442886,0.0910999998450279,0.104400001466274,0.123099997639656,0.12559999525547,0.162100002169609,0.241999998688698,0.222299993038177,-0.120343841612339,-0.00769999995827675,0.048080001026392,0.0118199996650219,0.198467433452606,0.785166263580322,-0.0557800009846687,0.00910000037401915,-101.728927612305,-0.0407006777822971,-0.0303987357765436,-0.192439869046211,1.27361559867859,0.0800351798534393,18.7874794006348,0.232580959796906,0.0596361458301544,0.101023018360138,0.0810126736760139,-0.34331551194191,0.34331551194191,0.130291372537613,0.0643134936690331,1.54641354084015,1.04560256004333,1.60613811016083,2.60531139373779,0.228005349636078,0.606138110160828,0.899713456630707,0.606138110160828,20.7495079040527,1.26733505725861,219.303283691406,2.12986183166504,313.403076171875,0.0404095239937305,0.338693052530289,16,0.198602721095085,-0.198087066411972,0.0090155890211463,512126,9057087,TRUE
3,"4.58","0.16","1.61","0.08","3.68","0.16","0.17","0.04","2.1","2.47","0.37","85.09","62.9","16.16","20.94",0.0286999996751547,0.0434000007808208,0.0700000002980232,0.063400000333786,0.117499999701977,0.255899995565414,0.313400000333786,0.297100007534027,0.328099995851517,0.288100004196167,0.163699999451637,0.0494752638041973,0.0331999994814396,0.0187599994242191,-0.00923999957740307,0.187265917658806,1.10410094261169,0.0144400000572205,0.0265999995172024,44.7018165588379,0.280784577131271,0.134521886706352,0.0733333304524422,0.905714273452759,0.234567895531654,18.7699432373047,0.648266315460205,0.291687458753586,0.407379418611526,0.387260496616364,-0.61863249540329,0.61863249540329,0.448991358280182,0.457307934761047,1.08557975292206,3.24428582191467,4.68612003326416,3.84411025047302,0.643355786800385,3.68611979484558,2.2271363735199,3.68611979484558,19.1387405395508,2.16474485397339,215.580810546875,4.72032260894775,16.8183059692383,-0.336382389068604,0.652529716491699,64,-0.0610787346959114,0.0347718857228756,-0.0159249603748322,512766,9056489,TRUE
4,"4.55","0.1","2.15","0.11","2.92","0.12","1.48","0.39","3.1","5.08","1.98","60.97","36.9","32.16","30.94",0.045099999755621,0.0608000010251999,0.0877000018954277,0.105800002813339,0.154899999499321,0.227799996733665,0.267800003290176,0.280099987983704,0.31029999256134,0.384299993515015,0.264499992132187,-0.0935400500893593,0.00879999995231628,0.060419999063015,-0.00258000008761883,0.270108044147491,0.828922510147095,-0.0516199991106987,0.0269000008702278,-40.6807556152344,0.0891147181391716,0.0257309935986996,-0.136397883296013,1.20638537406921,0.181144773960114,18.7797317504883,0.451671421527863,0.183790966868401,0.295123606920242,0.27024120092392,-0.523110389709473,0.523110389709473,0.319289237260818,0.234027147293091,1.25817561149597,2.19384264945984,2.64744806289673,3.85300517082214,0.444265872240067,1.64744806289673,1.447545170784,1.64744806289673,13.0219497680664,1.62709808349609,237,1.20073091983795,360,0.157198324799538,0.157198324799538,64,0.0825920403003693,0.108550019562244,-0.0353390499949455,513263,9055598,TRUE
5,"4.71","0.35","2.42","0.12","2.41","0.15","1.67","0.69","3.4","5.91","2.51","57.5","44.9","20.16","34.94",0.0263000000268221,0.0306000001728535,0.0520999990403652,0.0284000001847744,0.0980999991297722,0.281699985265732,0.357899993658066,0.356599986553192,0.367599993944168,0.257600009441376,0.141699999570847,0.294409930706024,0.0452000014483929,-0.0123399998992682,-0.00925999972969294,-0.037288136780262,1.83450698852539,0.0575399994850159,0.0215000007301569,871.42919921875,0.514970183372498,0.276960790157318,0.474949896335602,0.545105576515198,0.2599758207798,18.7653636932373,0.85246753692627,0.467122107744217,0.556271195411682,0.578456938266754,-0.745045244693756,0.745045244693756,0.602201819419861,0.744144141674042,0.99329674243927,5.84452962875366,12.5563383102417,3.73099136352539,0.850547611713409,11.5563383102417,4.42981386184692,11.5563383102417,38.0155296325684,3.54349231719971,217.781112670898,4.33792495727539,68.2913589477539,0.0654472410678864,0.592633724212646,128,-0.159046575427055,0.0505005717277527,-0.0334089398384094,512480,9056451,TRUE
6,"5.21","0.17","1.61","0.08","4.57","0.14","1.19","0.37","0.4","2.1","1.7","19.07","66.9","14.16","18.94",0.0281000006943941,0.0417999997735023,0.0738999992609024,0.0494000017642975,0.114500001072884,0.290100008249283,0.358300000429153,0.348600000143051,0.380800008773804,0.224000006914139,0.109499998390675,0.198702350258827,0.0566000007092953,-0.00473999977111816,-0.0153799997642636,0.0833333358168602,1.49595141410828,0.0613400004804134,0.0320999994874001,226.666000366211,0.451266467571259,0.236820086836815,0.30061349272728,0.668470919132233,0.277441650629044,18.7597141265869,0.751758813858032,0.381924957036972,0.499777287244797,0.499713242053986,-0.650177538394928,0.650177538394928,0.536200702190399,0.596075236797333,1.02540111541748,3.71718549728394,7.05668020248413,3.15330123901367,0.747878611087799,6.05668020248413,2.82725071907043,6.05668020248413,23.1115322113037,2.65644121170044,228.941375732422,5.68257474899292,209.310699462891,-0.0309309586882591,0.777361750602722,8,-0.181363314390182,0.0418647490441799,0.016451183706522,513006,9056074,TRUE
7,"4.66","0.06","1.75","0.09","1.65","0.16","0.82","0.23","3.8","5","1.2","76.05","45.77","23.66","30.58",0.0357999987900257,0.0406000018119812,0.0621999986469746,0.0447000004351139,0.10639999806881,0.286900013685226,0.346500009298325,0.343699991703033,0.370400011539459,0.271100014448166,0.157199993729591,0.163704395294189,0.0390999987721443,0.000380000012228265,-0.00535999983549118,0.0480656512081623,1.3914989233017,0.0387200005352497,0.0216000005602837,242.002548217773,0.361390382051468,0.186456844210625,0.263951748609543,0.718649506568909,0.210116729140282,18.7674961090088,0.769824922084808,0.390054255723953,0.504840135574341,0.506313443183899,-0.693520545959473,0.693520545959473,0.545222461223602,0.622545897960663,1.01371240615845,4.52572345733643,7.68903779983521,3.97105860710144,0.76624459028244,6.68903779983521,3.21515440940857,6.68903779983521,25.2808780670166,2.7729115486145,233.580810546875,3.46195316314697,332.768493652344,0.201877161860466,0.48729544878006,32,-0.131713092327118,0.0667763128876686,-0.0226551871746778,513216,9055683,TRUE
8,"5.36","0.18","0.94","0.05","1.14","0.07","1.66","0.2","0.2","2.13","1.93","9.39","67.77","13.66","18.58",0.034000001847744,0.043699998408556,0.0734999999403954,0.0593999996781349,0.133900001645088,0.252000004053116,0.298599988222122,0.304399996995926,0.287900000810623,0.287299990653992,0.168799996376038,0.106094807386398,0.0439000017940998,0.00965999998152256,-0.0123199997469783,0.15227934718132,1.23737370967865,0.0342399999499321,0.0297999996691942,98.3097381591797,0.350895166397095,0.175529792904854,0.158071741461754,0.808163285255432,0.254266202449799,18.7652072906494,0.673446953296661,0.308013379573822,0.425445705652237,0.408092856407166,-0.61100822687149,0.61100822687149,0.467735767364502,0.491111576557159,1.06408166885376,3.1414966583252,5.12457895278931,3.34700536727905,0.66867583990097,4.12457895278931,2.29044389724731,4.12457895278931,20.1201686859131,2.26375341415405,221.277526855469,2.00857186317444,19.8207302093506,-0.367678701877594,0.437059313058853,64,-0.0379728898406029,0.0236847028136253,-0.00701724970713258,512792,9056269,TRUE
9,"4.89","0.15","1.48","0.07","1.52","0.08","0.54","0.11","0.7","1.43","0.73","49.02","57.77","21.66","20.58",0.0295000001788139,0.0447999984025955,0.0709000006318092,0.0494000017642975,0.102300003170967,0.302899986505508,0.38280001282692,0.361999988555908,0.391600012779236,0.212999999523163,0.104800000786781,0.178719863295555,0.0476000010967255,-0.00173999997787178,-0.00817999988794327,0.0488322712481022,1.43522262573242,0.0493399985134602,0.0261000003665686,210.84228515625,0.388634979724884,0.201694920659065,0.284768223762512,0.69675600528717,0.225583404302597,18.7635135650635,0.759844422340393,0.391847163438797,0.514483213424683,0.518715858459473,-0.67244166135788,0.67244166135788,0.547077357769012,0.609177231788635,1.01471531391144,4.10578298568726,7.32793521881104,3.5574848651886,0.755778729915619,6.32793521881104,3.0091438293457,6.32793521881104,23.0053462982178,2.70701599121094,226,5.08888754974322e-14,90,0,0,128,-0.211463391780853,0.0520093590021133,0.0201347079128027,512919,9056237,TRUE
10,"4.57","0.13","2.02","0.1","10.15","0.14","0.45","0.1","3.1","3.79","0.69","81.88","51.77","17.66","30.58",0.0472999997437,0.0527000017464161,0.0816999971866608,0.0763000026345253,0.136500000953674,0.265500009059906,0.318199992179871,0.315600007772446,0.337900012731552,0.330900013446808,0.206599995493889,0.0341772139072418,0.034400001168251,0.0251199994236231,-0.00791999977082014,0.182945743203163,1.07077324390411,0.0092799998819828,0.028999999165535,21.9562244415283,0.248121246695518,0.117647059261799,0.0512820519506931,0.933904528617859,0.215773805975914,18.7688941955566,0.610614955425262,0.275862872600555,0.402455419301987,0.383623898029327,-0.58872389793396,0.58872389793396,0.433593034744263,0.414090991020203,1.09862101078033,2.86291313171387,4.13630390167236,3.60759210586548,0.604413509368896,3.13630414009094,1.99746835231781,3.13630414009094,16.2747268676758,2.03379058837891,221,5.08888754974322e-14,90,0,0,128,-0.0304358154535294,0.0983996838331223,-0.0221577305346727,512195,9056805,TRUE
11,"5.18","0.11","2.29","0.11","1.01","0.06","1.1","0.13","0.7","1.99","1.29","35.22","61.77","17.66","20.58",0.0430000014603138,0.0505999997258186,0.0705000013113022,0.0637999996542931,0.112999998033047,0.228499993681908,0.275299996137619,0.287900000810623,0.282999992370605,0.286300003528595,0.214800000190735,0.0498883090913296,0.0265999995172024,0.0188200008124113,0.000339999998686835,0.115384615957737,1.10501563549042,0.00778000010177493,0.0198999997228384,44.4765625,0.212473452091217,0.104150354862213,0.0800477862358093,0.904964566230774,0.164326995611191,18.7724494934082,0.637190759181976,0.273266017436981,0.394681215286255,0.372464805841446,-0.606584846973419,0.606584846973419,0.437951922416687,0.452478021383286,1.05890226364136,3.08368802070618,4.51253938674927,3.69559288024902,0.631395161151886,3.51253914833069,2.14370822906494,3.51253914833069,19.1474094390869,2.12427377700806,230,0.913596987724304,27.0824489593506,-0.107290856540203,0.107290856540203,128,0.00884213484823704,0.0130918538197875,-0.0140067413449287,513194,9055999,TRUE
12,"4.61","0.18","1.34","0.07","1.9","0.22","0.45","0.24","4.2","5.11","0.91","82.2","43.77","23.66","32.58",0.0315000005066395,0.0379999987781048,0.0577000007033348,0.0526000000536442,0.0996999964118004,0.206499993801117,0.250999987125397,0.248400002717972,0.304899990558624,0.248999997973442,0.166800007224083,0.0462375357747078,0.0248000007122755,0.015939999371767,-0.0044999998062849,0.161147907376289,1.09695816040039,0.00886000040918589,0.0197000000625849,61.0692481994629,0.249712377786636,0.120388351380825,0.0705394223332405,0.911611795425415,0.20585161447525,18.773946762085,0.650498330593109,0.264737695455551,0.366666674613953,0.337909370660782,-0.622999012470245,0.622999012470245,0.424728840589523,0.462717056274414,1.07456588745117,3.30502605438232,4.72243356704712,3.92451238632202,0.64620715379715,3.72243356704712,2.25203990936279,3.72243356704712,23.0371723175049,2.17311596870422,215.696716308594,3.11199283599854,141.007400512695,-0.0525747053325176,0.420238822698593,4,-0.0135192088782787,-0.0549402385950089,-0.0132168037816882,511953,9056986,TRUE
13,"4.24","0.11","2.02","0.1","2.03","0.13","0.17","0.21","6.8","7.31","0.51","93.03","15.77","43.73","40.5",0.0270000007003546,0.0333000011742115,0.0626000016927719,0.0390000008046627,0.112000003457069,0.264400005340576,0.315100014209747,0.327800005674362,0.345499992370605,0.244299992918968,0.127399995923042,0.23228345811367,0.0529000014066696,-0.00800000037997961,-0.0159799996763468,0.0788381770253181,1.60512816905975,0.0608999989926815,0.0293000005185604,402.279418945312,0.502171576023102,0.26784810423851,0.345534414052963,0.62300318479538,0.305526584386826,18.7618179321289,0.787350058555603,0.398553729057312,0.499769270420074,0.499695092439651,-0.679303288459778,0.679303288459778,0.548215627670288,0.644727826118469,1.01973688602448,4.23642158508301,8.40512847900391,3.2623074054718,0.784572184085846,7.40512800216675,3.22637796401978,7.40512800216675,28.6916656494141,2.89915990829468,211.058624267578,4.78935241699219,52.038875579834,0.101914875209332,0.622676014900208,64,-0.124510861933231,0.0100798727944493,-0.00961716659367085,512581,9056579,TRUE
14,"4.81","0.09","2.29","0.11","2.41","0.35","0.91","0.4","2.4","4.05","1.65","59.24","55.77","15.73","28.5",0.0315999984741211,0.0456999987363815,0.0710000023245811,0.0544000007212162,0.0970999971032143,0.29229998588562,0.353399991989136,0.350699990987778,0.36370000243187,0.242200002074242,0.119400002062321,0.132376402616501,0.0419000014662743,0.00516000017523766,-0.00701999990269542,0.0869130864739418,1.30514705181122,0.0367400012910366,0.0252999998629093,139.537567138672,0.339430421590805,0.173068985342979,0.208281055092812,0.766197204589844,0.216795206069946,18.7659778594971,0.731424331665039,0.3667351603508,0.491050720214844,0.488635778427124,-0.663267731666565,0.663267731666565,0.524331986904144,0.569279491901398,1.02936208248138,3.93943667411804,6.44669103622437,3.7845823764801,0.726962983608246,5.44669103622437,2.79665064811707,5.44669103622437,21.233793258667,2.53903341293335,228.058624267578,4.55661821365356,42.3815383911133,-0.151305079460144,0.680619418621063,128,-0.163769125938416,0.0450258888304234,0.00497862743213773,513150,9055818,TRUE
15,"4.5","0.12","1.34","0.07","4.69","0.09","1.1","0.13","3.9","5.21","1.31","74.86","41.77","27.73","30.5",0.0412000007927418,0.0430000014603138,0.062100000679493,0.0581000000238419,0.136199995875359,0.268500000238419,0.327699989080429,0.321599990129471,0.376199990510941,0.340799987316132,0.201399996876717,0.0332778692245483,0.0230999998748302,0.0192399993538857,-0.0019000000320375,0.149357065558434,1.06884682178497,0.00386000005528331,0.0190999992191792,36.9342269897461,0.213717073202133,0.102529957890511,0.0518134720623493,0.935587763786316,0.181731685996056,18.7744178771973,0.693968951702118,0.33058163523674,0.4493008852005,0.436857789754868,-0.676309645175934,0.676309645175934,0.48823419213295,0.516638934612274,1.05730545520782,4.17874383926392,5.5352840423584,4.84516954421997,0.689432680606842,4.5352840423584,2.67554068565369,4.5352840423584,20.3211574554443,2.35271835327148,224,1.35979950428009,83.9453048706055,0.22085365653038,0.22085365653038,1,-0.0580604486167431,0.110935129225254,-0.0524490438401699,512264,9056605,TRUE
16,"4.93","0.22","1.88","0.09","23.09","0.31","3.05","1.08","1.4","5.84","4.44","23.98","45.77","23.73","30.5",0.0331999994814396,0.0285000000149012,0.0531999990344048,0.0373000018298626,0.102399997413158,0.275999993085861,0.358000010251999,0.35479998588562,0.380299985408783,0.275000005960464,0.138699993491173,0.175690606236458,0.0406000018119812,-0.000980000011622906,-0.0132999997586012,0.133738607168198,1.42627346515656,0.0415799990296364,0.0247000008821487,365.430480957031,0.45390659570694,0.235772356390953,0.256451606750488,0.701127827167511,0.302325576543808,18.7675094604492,0.809742391109467,0.442854344844818,0.533852696418762,0.545473217964172,-0.739215672016144,0.739215672016144,0.575076997280121,0.674164652824402,1.02771651744843,5.66917276382446,9.51206398010254,4.67594289779663,0.807552993297577,8.51206398010254,3.9204421043396,8.51206398010254,29.6281414031982,3.08416342735291,222,1.62387084960938,319.193054199219,-0.337797105312347,0.337797105312347,16,-0.153981760144234,0.0636507496237755,-0.0390448570251465,512325,9056816,TRUE
17,"4.37","0.61","1.88","0.09","28.92","0.14","1.19","0.19","5.2","6.72","1.52","77.41","49.77","15.73","34.5",0.0430000014603138,0.0423999987542629,0.0670000016689301,0.0623999983072281,0.121500000357628,0.272000014781952,0.334899991750717,0.342599987983704,0.35929998755455,0.345600008964539,0.199499994516373,0.0355486869812012,0.0292000006884336,0.0203600004315376,-0.00763999996706843,0.190839692950249,1.0737179517746,0.00884000025689602,0.0245999991893768,34.0544052124023,0.25834646821022,0.122278057038784,0.0528735630214214,0.931343257427216,0.224862888455391,18.7717609405518,0.691851854324341,0.344226032495499,0.464419901371002,0.455851048231125,-0.6728515625,0.6728515625,0.495929211378098,0.510396242141724,1.07137763500214,4.11343288421631,5.49038457870483,4.76236152648926,0.687361478805542,4.49038457870483,2.64760422706604,4.49038457870483,18.9444961547852,2.34315705299377,221.522171020508,2.51428246498108,229.029357910156,0.174705535173416,0.38787254691124,8,-0.0635792762041092,0.115734435617924,-0.0538211427628994,512396,9056711,TRUE
18,"4.7","0.17","2.15","0.11","5.96","0.2","0.91","0.22","2.3","3.62","1.32","63.55","55.77","17.73","26.5",0.0513999983668327,0.0601000003516674,0.0860999971628189,0.0973000004887581,0.137500002980232,0.256000012159348,0.304899990558624,0.319000005722046,0.33950001001358,0.351099997758865,0.24770000576973,-0.0610687024891376,0.0148000000044703,0.0501199997961521,-0.00196000002324581,0.236340537667274,0.884892106056213,-0.0353199988603592,0.0260000005364418,-29.2674827575684,0.118051961064339,0.0449029132723808,-0.0908353626728058,1.1300812959671,0.177838578820229,18.7771244049072,0.532548666000366,0.235495314002037,0.362926989793777,0.342176139354706,-0.574919760227203,0.574919760227203,0.384695470333099,0.321596652269363,1.16779434680939,2.70499420166016,3.27852010726929,4.18694448471069,0.52517157793045,2.27852010726929,1.73936748504639,2.27852010726929,13.4122886657715,1.81066834926605,219,1.61150908470154,248.129821777344,-0.273253113031387,0.273253113031387,16,0.0101425964385271,0.124325707554817,-0.0241973772644997,512135,9056902,TRUE
19,"4.8","0.1","2.29","0.11","4.19","0.14","1.57","0.46","2.1","4.27","2.17","49.19","49.91","19.58","30.5",0.0408000014722347,0.0480000004172325,0.0566999986767769,0.0768000036478043,0.0860999971628189,0.105599999427795,0.122100003063679,0.128700003027916,0.166199997067451,0.259400010108948,0.229000002145767,-0.150561794638634,-0.011400000192225,0.0508200004696846,0.010499999858439,0.230769231915474,0.73828125,-0.062219999730587,0.00870000012218952,-141.510528564453,-0.0683220103383064,-0.0478589423000813,-0.235087722539902,1.35449731349945,0.0830945521593094,18.7893505096436,0.25255474448204,0.06655552983284,0.110347270965576,0.0888262242078781,-0.388349503278732,0.388349503278732,0.141997262835503,0.0699364244937897,1.55491328239441,1.26984131336212,1.67578125,3.07449388504028,0.248104080557823,0.67578125,0.96404492855072,0.67578125,20.7908420562744,1.29451966285706,219.522171020508,5.23272323608398,280.655670166016,-0.0799291357398033,0.684728026390076,16,0.203853219747543,-0.187537536025047,-0.00726890098303556,512089,9056991,TRUE
20,"5.29","0.05","1.75","0.09","1.4","0.17","2.55","0.59","0.6","3.92","3.32","15.32","41.91","33.58","24.5",0.0362999998033047,0.0480000004172325,0.0697999969124794,0.0659999996423721,0.121399998664856,0.213699996471405,0.252400010824203,0.244100004434586,0.265599995851517,0.263700008392334,0.152199998497963,0.0279823262244463,0.0255999993532896,0.0226000007241964,-0.00260000000707805,0.157894730567932,1.05757570266724,0.00300000002607703,0.0218000002205372,24.315580368042,0.211944222450256,0.100946374237537,0.0432801805436611,0.945558726787567,0.185059428215027,18.7730369567871,0.574330866336823,0.222613871097565,0.329774111509323,0.299707382917404,-0.555272400379181,0.555272400379181,0.378855556249619,0.377505302429199,1.10106682777405,2.49713468551636,3.69848489761353,3.30674624443054,0.568522810935974,2.69848489761353,1.79749631881714,2.69848489761353,19.248197555542,1.92314457893372,225.522171020508,2.842698097229,280.751739501953,0.00608334550634027,0.390196532011032,16,0.00596704427152872,-0.051760870963335,0.00717755546793342,512998,9055943,TRUE
21,"4.72","0.18","1.61","0.08","0.89","0.16","0.91","0.25","4.5","5.82","1.32","77.33","23.91","33.58","42.5",0.0239000003784895,0.0507999993860722,0.0763000026345253,0.0738999992609024,0.111599996685982,0.205400004982948,0.246999993920326,0.242500007152557,0.35139998793602,0.25330001115799,0.169100001454353,0.0159786958247423,0.0278999991714954,0.0271600000560284,-0.00517999986186624,0.185244590044022,1.03247630596161,0.000739999988581985,0.0254999995231628,11.3381767272949,0.215915933251381,0.100613057613373,0.0241448692977428,0.968545198440552,0.20062942802906,18.7718658447266,0.532869756221771,0.203928589820862,0.309774607419968,0.279783844947815,-0.521329998970032,0.521329998970032,0.353904277086258,0.329857170581818,1.13701069355011,2.17824387550354,3.28146147727966,3.07827281951904,0.526621341705322,2.28146147727966,1.61451399326324,2.28146147727966,17.6555118560791,1.81148040294647,211.115921020508,6.53372383117676,181.279632568359,-0.30882602930069,0.936163365840912,4,-0.0147447055205703,-0.0276082754135132,0.00287580071017146,512572,9056671,TRUE
22,"5.22","0.08","1.61","0.08","1.65","0.19","3.46","0.46","0.3","4.41","4.11","6.8","45.91","29.58","24.5",0.0239000003784895,0.0292000006884336,0.0529000014066696,0.0280000008642673,0.0811000019311905,0.258599996566772,0.346199989318848,0.340400010347366,0.365799993276596,0.190200001001358,0.0857999995350838,0.307787388563156,0.0485999993979931,-0.0137000000104308,-0.012020000256598,-0.0209790207445621,1.8892856836319,0.0623000003397465,0.023700000718236,918.164428710938,0.547788858413696,0.298159509897232,0.481624752283096,0.529300570487976,0.288672357797623,18.7639427185059,0.847991287708282,0.452124565839767,0.53961306810379,0.554966688156128,-0.730994164943695,0.730994164943695,0.591218769550323,0.736842095851898,0.99615877866745,5.4347825050354,12.1571426391602,3.40593409538269,0.846113502979279,11.1571426391602,4.20766401290894,11.1571426391602,38.6520042419434,3.48670935630798,222,1.89742827415466,251.134002685547,-0.27557709813118,0.27557709813118,16,-0.195996329188347,-0.0249236039817333,0.00236231368035078,512821,9056154,TRUE
23,"4.6","0.1","2.02","0.1","4.06","0.14","0.82","0.07","3.1","4.12","1.02","75.29","57.91","13.58","28.5",0.030799999833107,0.0307000000029802,0.0615000016987324,0.0368999987840652,0.108000002801418,0.296900004148483,0.351799994707108,0.358000010251999,0.383899986743927,0.262800008058548,0.130400002002716,0.25,0.0553999990224838,-0.00984000042080879,-0.0185199994593859,0.0917159765958786,1.66666662693024,0.0652400031685829,0.030799999833107,470.031799316406,0.539039015769958,0.290661066770554,0.363367795944214,0.600000023841858,0.334056407213211,18.7608623504639,0.813117265701294,0.443594068288803,0.538216531276703,0.55146449804306,-0.706793785095215,0.706793785095215,0.578662812709808,0.680864870548248,1.01930856704712,4.82113838195801,9.70189666748047,3.49268293380737,0.810791373252869,8.70189666748047,3.63821148872375,8.70189666748047,29.8935680389404,3.11478686332703,220.258926391602,7.70178604125977,80.2861480712891,0.0890496224164963,1.05794334411621,1,-0.166876181960106,0.0644468888640404,-0.0242407768964767,512439,9056834,TRUE
24,"4.84","0.04","1.75","0.09","2.16","0.21","1.38","0.4","2.3","4.29","1.99","53.58","43.91","25.58","30.5",0.0417999997735023,0.0627999976277351,0.0952999964356422,0.0967999994754791,0.150999993085861,0.242400005459785,0.29229998588562,0.289799988269806,0.307099997997284,0.334699988365173,0.217299997806549,-0.00780843291431665,0.0309999994933605,0.0402199998497963,-0.00737999984994531,0.213032588362694,0.984504103660583,-0.00922000035643578,0.0324999988079071,-3.38596224784851,0.198075607419014,0.088520847260952,-0.0116009283810854,1.01573979854584,0.205566093325615,18.7698307037354,0.499224007129669,0.2060556858778,0.326528310775757,0.302168965339661,-0.505063593387604,0.505063593387604,0.353091835975647,0.291102170944214,1.17616581916809,2.04092335700989,2.99380159378052,3.08878684043884,0.491495549678802,1.99380159378052,1.50858926773071,1.99380159378052,13.7812337875366,1.73026061058044,221.200302124023,1.59895884990692,110.086151123047,-0.384463995695114,0.434539437294006,1,0.0227286349982023,0.0808200016617775,-0.00217882730066776,512309,9056967,TRUE
25,"5.21","0.1","1.61","0.08","1.14","0.26","0.72","0.23","0.4","1.62","1.22","24.73","66.13","15.15","18.72",0.0419999994337559,0.0526000000536442,0.0817999988794327,0.0813999995589256,0.135399997234344,0.238999992609024,0.281100004911423,0.277500003576279,0.230900004506111,0.306199997663498,0.1925999969244,0.00245098047889769,0.0296000000089407,0.0321599990129471,-0.0081599997356534,0.21492537856102,1.00491404533386,-0.00255999993532896,0.0292000006884336,1.47239637374878,0.219595953822136,0.0994623675942421,0.00361663661897182,0.995110034942627,0.217261910438538,18.771017074585,0.546391725540161,0.226925566792488,0.342472940683365,0.316732972860336,-0.544670164585114,0.544670164585114,0.377914816141129,0.33941975235939,1.14686381816864,2.39242053031921,3.40909099578857,3.37583160400391,0.53995019197464,2.40909099578857,1.70036768913269,2.40909099578857,15.8886156082153,1.84637236595154,223,2.4225435256958,338.163055419922,0.106415525078773,0.327437162399292,32,0.0301934145390987,0.011820325627923,0.00427133869379759,512640,9056425,TRUE
26,"4.79","0.13","2.42","0.12","2.54","0.25","1.67","0.59","1.2","3.71","2.51","32.36","58.13","15.15","26.72",0.0283000003546476,0.0285000000149012,0.0562000013887882,0.0248000007122755,0.0966000035405159,0.289099991321564,0.36039999127388,0.352600008249283,0.382299989461899,0.19140000641346,0.0833000019192696,0.387654334306717,0.0590999983251095,-0.0214799996465445,-0.0163000002503395,-0.0694183856248856,2.26612901687622,0.0805800035595894,0.0276999995112419,1309.29846191406,0.634278833866119,0.356668680906296,0.598095238208771,0.441281139850616,0.327036589384079,18.7593517303467,0.868574440479279,0.477800786495209,0.560405731201172,0.585529327392578,-0.725048899650574,0.725048899650574,0.609973967075348,0.7696772813797,0.98871260881424,5.27402114868164,14.2177419662476,2.76860737800598,0.866950809955597,13.2177419662476,4.35308647155762,13.2177419662476,43.1586570739746,3.77064204216003,219.580810546875,2.81575012207031,20.029260635376,0.191147312521935,0.400745064020157,64,-0.219829827547073,0.0032813276629895,0.00859838351607323,512427,9056601,TRUE
27,"5.2","0.06","1.75","0.09","1.65","0.13","1.86","0.48","0.5","2.97","2.47","16.84","58.13","19.15","22.72",0.031700000166893,0.0406999997794628,0.0671999976038933,0.0527000017464161,0.120700001716614,0.2449000030756,0.29229998588562,0.280499994754791,0.312999993562698,0.246800005435944,0.13230000436306,0.12093411386013,0.0410000011324883,0.00657999981194735,-0.010219999589026,0.128479659557343,1.27514231204987,0.0344199985265732,0.0264999996870756,138.620483398438,0.355959475040436,0.17998243868351,0.183080807328224,0.784226179122925,0.245597779750824,18.7666530609131,0.683673441410065,0.299429535865784,0.410105615854263,0.38860684633255,-0.613459885120392,0.613459885120392,0.461881577968597,0.505860269069672,1.05267775058746,3.17410707473755,5.32258081436157,3.27344417572021,0.679300665855408,4.32258081436157,2.33944964408875,4.32258081436157,22.5403938293457,2.30707192420959,224.580810546875,2.86240530014038,0,0.060603354126215,0.375,64,-0.0706108063459396,-0.0203625131398439,0.00570645136758685,512919,9056040,TRUE
28,"4.5","0.15","2.02","0.1","1.65","0.14","0.91","0.17","3.2","4.41","1.21","72.52","54.13","15.15","30.72",0.033100001513958,0.0465999990701675,0.063400000333786,0.0571999996900558,0.0869999974966049,0.202999994158745,0.253800004720688,0.235300004482269,0.299699991941452,0.2483000010252,0.167199999094009,0.0514096170663834,0.0230000000447035,0.0166800003498793,0.00184000004082918,0.102119460701942,1.1083916425705,0.00632000016048551,0.0167999994009733,56.8549690246582,0.202546566724777,0.0997398123145103,0.083783783018589,0.902208209037781,0.152727276086807,18.7742595672607,0.608888864517212,0.230938792228699,0.33709779381752,0.305804848670959,-0.575493812561035,0.575493812561035,0.393591165542603,0.422659605741501,1.05951714515686,2.71135640144348,4.11363649368286,3.34841632843018,0.603390276432037,3.11363625526428,1.95107793807983,3.11363625526428,21.7324104309082,2.02821016311646,229.419189453125,2.76963925361633,192.315093994141,-0.12587533891201,0.385548532009125,4,-0.00565144838765264,-0.0617300495505333,-0.00796730723232031,513236,9055922,TRUE
29,"5.9","1.8","3.8","0.15","1.78","0.33","4.28","0.19","1","6.2","4.8","16.04","66.94","18.47","14.6",0.0377000011503696,0.0603000000119209,0.0894000008702278,0.0953999981284142,0.147499993443489,0.250099986791611,0.295300006866455,0.264899998903275,0.35359999537468,0.290899991989136,0.175600007176399,-0.032467532902956,0.0230999998748302,0.0441600009799004,-0.00498000020161271,0.225433528423309,0.937106907367706,-0.021059999242425,0.0291000008583069,-15.2433853149414,0.162949666380882,0.0690582990646362,-0.0481927692890167,1.06711411476135,0.194388777017593,18.7734546661377,0.470441311597824,0.185080036520958,0.295536428689957,0.268843531608582,-0.495342940092087,0.495342940092087,0.325773596763611,0.260465115308762,1.20707964897156,1.96308720111847,2.77672958374023,3.16195225715637,0.463048189878464,1.77672958374023,1.43344151973724,1.77672958374023,14.2571897506714,1.6663521528244,235.522171020508,5.09833478927612,304.085052490234,0.135212585330009,0.679184079170227,32,-0.0265792869031429,0.0518102571368217,0.0179571490734816,513000,9056191,TRUE
30,"5.6","1.89","3.4","0.14","2.28","0.8","4.38","0.47","3.03","9.03","5.65","33.58","64.94","16.47","18.6",0.0333000011742115,0.0507999993860722,0.0934000015258789,0.0776999965310097,0.153999999165535,0.290800005197525,0.331900000572205,0.32710000872612,0.392100006341934,0.267500013113022,0.14640000462532,0.091759204864502,0.0582999996840954,0.0153799997642636,-0.0222800001502037,0.209338515996933,1.20205914974213,0.0429200008511543,0.0425999984145164,51.0051307678223,0.376963585615158,0.184903264045715,0.130507066845894,0.831905782222748,0.295423030853271,18.7584629058838,0.616106748580933,0.286758959293365,0.413461536169052,0.39664164185524,-0.555766940116882,0.555766940116882,0.441572248935699,0.417213588953018,1.10785889625549,2.50214123725891,4.20978116989136,2.91345167160034,0.610157132148743,3.20978116989136,1.91174757480621,3.20978116989136,15.9271821975708,2.05177521705627,233.200302124023,2.54339861869812,157.812469482422,-0.106934294104576,0.376616656780243,8,-0.117988020181656,0.0864149630069733,0.0239363461732864,513053,9056127,TRUE
31,"5.2","2.53","6.9","0.28","11.29","0.45","1.97","0.07","1","3.88","2.49","25.66","64.57","24.83","10.6",0.0263000000268221,0.0248000007122755,0.0456999987363815,0.0208999998867512,0.0772999972105026,0.270999997854233,0.35139998793602,0.326499998569489,0.3682000041008,0.178900003433228,0.0759000033140182,0.372372359037399,0.0456999987363815,-0.016440000385046,-0.0109799997881055,-0.0853391662240028,2.18660283088684,0.0621399991214275,0.0208999998867512,1810.51000976562,0.602333903312683,0.333333343267441,0.59330141544342,0.457330405712128,0.296453893184662,18.7654666900635,0.879677593708038,0.466450929641724,0.540948808193207,0.558354079723358,-0.75443309545517,0.75443309545517,0.602286159992218,0.787331461906433,0.987238228321075,6.14442014694214,15.6220092773438,3.26736068725586,0.878367066383362,14.6220092773438,4.90240240097046,14.6220092773438,50.9096755981445,3.95246887207031,225,2.09155774116516,293.978973388672,-0.306326746940613,0.306326746940613,64,-0.209035485982895,-0.0367426201701164,0.00337348692119122,513224,9055848,TRUE
32,"5","2.51","4.1","0.16","13.95","0.59","2.58","0.08","1.61","5.12","3.25","31.33","44.57","26.83","28.6",0.0515000000596046,0.0788000002503395,0.116599999368191,0.115199998021126,0.144199997186661,0.239600002765656,0.254400014877319,0.295199990272522,0.315699994564056,0.27250000834465,0.198100000619888,0.00603968929499388,0.0392000004649162,0.0446799993515015,-0.00627999985590577,0.187628865242004,1.01215279102325,-0.00547999981790781,0.0377999991178513,1.79861998558044,0.199256211519241,0.0917603000998497,0.00915032718330622,0.987993121147156,0.193449333310127,18.765323638916,0.438596487045288,0.174594551324844,0.296572923660278,0.273335039615631,-0.433705687522888,0.433705687522888,0.315568029880524,0.237590998411179,1.20222222805023,1.53173243999481,2.5625,2.50133419036865,0.42910498380661,1.5625,1.2735116481781,1.5625,12.0680894851685,1.60078108310699,233.522171020508,5.57981300354004,276.590515136719,0.392709136009216,0.751077234745026,16,0.00948802847415209,0.0433653518557549,0.0552275106310844,513309,9055873,TRUE
33,"4.9","1.87","3.7","0.15","13.07","0.67","2.43","0.38","1.2","4.96","3.48","24.17","56.57","26.68","16.75",0.0263999998569489,0.0254999995231628,0.0377000011503696,0.0234999991953373,0.0751999989151955,0.275099992752075,0.31580001115799,0.275099992752075,0.352899998426437,0.192399993538857,0.0935000032186508,0.232026144862175,0.0263999998569489,-0.00480000022798777,-0.0020000000949949,-0.0408163256943226,1.60425531864166,0.031199999153614,0.0121999997645617,1107.18786621094,0.406841725111008,0.212218642234802,0.397759109735489,0.623342156410217,0.19303797185421,18.7739372253418,0.842598795890808,0.391327351331711,0.472577005624771,0.46272200345993,-0.758951425552368,0.758951425552368,0.548626244068146,0.729574203491211,0.992050886154175,6.29708242416382,11.7063827514648,4.54857921600342,0.840911209583282,10.7063827514648,4.49509811401367,10.7063827514648,46.188232421875,3.42145919799805,222,1.06511092185974,159.679321289062,0.0498868450522423,0.219418317079544,8,-0.156919971108437,-0.0590125098824501,-0.00470070960000157,512837,9056369,TRUE
34,"5","1.04","1.8","0.07","8.75","0.35","1.49","0.07","0.79","3.1","1.91","25.52","78.57","8.68","12.75",0.0425999984145164,0.0533000007271767,0.060199998319149,0.0741000026464462,0.0913000032305717,0.108400002121925,0.126200005412102,0.137199997901917,0.158299997448921,0.296600013971329,0.293000012636185,-0.103499628603458,-0.00700000021606684,0.0435400009155273,0.0144199999049306,0.16326530277729,0.812415659427643,-0.0505400002002716,0.00689999992027879,-93.8126525878906,-0.0429770909249783,-0.0282485876232386,-0.171604931354523,1.23089706897736,0.0607929527759552,18.7871150970459,0.298627555370331,0.0796093940734863,0.133066222071648,0.108216218650341,-0.390070915222168,0.390070915222168,0.169943436980247,0.12488928437233,1.3296355009079,1.27906978130341,1.85155200958252,2.80530023574829,0.293148130178452,0.851551949977875,1.02159345149994,0.851551949977875,20.7839069366455,1.36071741580963,225.174545288086,7.2639307975769,102.82364654541,-0.0677712485194206,0.98551082611084,1,0.248148843646049,-0.14177705347538,-0.0293833035975695,512744,9056358,TRUE
35,"5.3","2.21","1.1","0.04","7.1","1.1","1.31","0.02","1.2","4.05","2.43","29.57","80.57","8.68","10.75",0.0441999994218349,0.0511000007390976,0.0604000017046928,0.0759999975562096,0.0935999974608421,0.111199997365475,0.13060000538826,0.131699994206429,0.162400007247925,0.305200010538101,0.293799996376038,-0.114369504153728,-0.00630000000819564,0.046000000089407,0.0111400000751019,0.195908740162849,0.794736862182617,-0.0522999987006187,0.00930000003427267,-100.980590820312,-0.0312596261501312,-0.0254134740680456,-0.182883933186531,1.25827813148499,0.0834080725908279,18.7869281768799,0.26817524433136,0.0706512108445168,0.118058502674103,0.0953746438026428,-0.371160864830017,0.371160864830017,0.151482179760933,0.0919952243566513,1.44703769683838,1.18046355247498,1.73289477825165,2.74362969398499,0.263252913951874,0.732894718647003,0.965542495250702,0.732894718647003,20.7509098052979,1.31639456748962,226,1.88899421691895,108.10188293457,0.118378780782223,0.273253113031387,1,0.250305622816086,-0.134459376335144,-0.0330317132174969,512727,9056299,TRUE
36,"5.1","3.06","1.5","0.06","3.81","0.93","1.66","0.01","1.2","4.1","2.6","29.24","76.57","10.68","12.75",0.0395999997854233,0.0432999990880489,0.0527000017464161,0.0705000013113022,0.0900000035762787,0.118000000715256,0.151899993419647,0.135399997234344,0.206499993801117,0.291900008916855,0.25789999961853,-0.144480526447296,-0.00839999970048666,0.046000000089407,0.00791999977082014,0.239015817642212,0.747517704963684,-0.0544000007212162,0.00939999986439943,-158.866104125977,-0.0472320467233658,-0.0383211672306061,-0.222778469324112,1.33776092529297,0.0979166701436043,18.7882900238037,0.315201550722122,0.0861588269472122,0.137909054756165,0.112013757228851,-0.439659744501114,0.439659744501114,0.177370861172676,0.117923051118851,1.41910636425018,1.56926000118256,1.92056739330292,3.43705558776855,0.31059667468071,0.920567393302917,1.09902596473694,0.920567393302917,21.5699214935303,1.38584542274475,226.218887329102,3.5083692073822,234.640579223633,-0.112302720546722,0.465309709310532,16,0.195625677704811,-0.133298397064209,-0.0363629572093487,512683,9056301,TRUE
37,"5.2","1.33","2.6","0.1","13.07","0.88","1.31","0.04","1.2","3.71","2.23","32.33","63.32","23.93","12.75",0.0326999984681606,0.0494999997317791,0.0847000032663345,0.0898000001907349,0.140100002288818,0.252000004053116,0.290699988603592,0.285199999809265,0.319499999284744,0.283600002527237,0.168500006198883,-0.0292263608425856,0.0300999991595745,0.0410199984908104,-0.0153999999165535,0.289303660392761,0.943207144737244,-0.0109200002625585,0.0351999998092651,-15.3831796646118,0.234869211912155,0.0975056663155556,-0.0408000014722347,1.06021249294281,0.262295067310333,18.7709712982178,0.521066665649414,0.222525909543037,0.33497142791748,0.310079962015152,-0.542038381099701,0.542038381099701,0.365233659744263,0.301574945449829,1.20624363422394,2.36717820167542,3.17594647407532,3.5699245929718,0.514962494373322,2.17594647407532,1.63438391685486,2.17594647407532,14.6421689987183,1.78211855888367,214.102981567383,7.21876239776611,322.549530029297,0.00786796398460865,0.953144490718842,32,-0.0312041230499744,0.0343972370028496,0.0144052999094129,512638,9056523,TRUE
38,"5.1","1.69","2.9","0.12","2.28","0.31","1.16","0.01","1","2.78","1.48","35.83","71.32","17.27","11.4",0.033100001513958,0.0489000007510185,0.0807999968528748,0.0715999975800514,0.136700004339218,0.256999999284744,0.308800011873245,0.314000010490417,0.334699988365173,0.287400007247925,0.163800001144409,0.0603674538433552,0.0410999990999699,0.0194400008767843,-0.0123399998992682,0.188381746411324,1.12849164009094,0.0216600000858307,0.0318999998271465,41.8913192749023,0.301838099956512,0.145693019032478,0.0888888910412788,0.886138617992401,0.24595220386982,18.7661533355713,0.628630697727203,0.287156164646149,0.410569101572037,0.392341375350952,-0.590678811073303,0.590678811073303,0.44428151845932,0.434103935956955,1.09364688396454,2.88613867759705,4.38547468185425,3.44365739822388,0.622974097728729,3.38547492027283,2.06036734580994,3.38547492027283,17.1511936187744,2.09415245056152,217,2.81578707695007,296.472778320312,0.0808384194970131,0.367671430110931,32,-0.0624957755208015,0.0515124462544918,-0.000487093580886722,512560,9056441,TRUE
39,"5.4","3.8","3","0.12","2.28","2.69","3.27","1.11","1.4","8.79","7.08","15.95","69.32","15.27","15.4",0.0364999994635582,0.0520999990403652,0.0821999981999397,0.0901999995112419,0.147799998521805,0.240899994969368,0.282499998807907,0.281800001859665,0.317499995231628,0.303700000047684,0.18359999358654,-0.0464037135243416,0.0220999997109175,0.0440800003707409,-0.00925999972969294,0.267744213342667,0.911308228969574,-0.0219800006598234,0.0300999991595745,-25.0882606506348,0.179589152336121,0.0720573887228966,-0.0665004178881645,1.09732365608215,0.2241250872612,18.7743530273438,0.515053749084473,0.216374933719635,0.329587161540985,0.304294764995575,-0.548351645469666,0.548351645469666,0.360150367021561,0.298463940620422,1.19885182380676,2.4282238483429,3.12416839599609,3.76187086105347,0.508628308773041,2.12416839599609,1.63457071781158,2.12416839599609,14.6350908279419,1.76753175258636,216.102981567383,6.83894729614258,328.36181640625,-0.263949811458588,0.910565614700317,16,-0.00659311655908823,0.0439441725611687,0.00331229018047452,512600,9056483,TRUE
40,"4.7","3.75","2.5","0.1","9.51","0.57","1.24","0.02","1.4","3.5","1.83","40.07","43.32","35.27","21.4",0.0251000002026558,0.034000001847744,0.0627999976277351,0.0419000014662743,0.0891000032424927,0.278800010681152,0.338600009679794,0.369500011205673,0.340299993753433,0.227400004863739,0.118199996650219,0.199617952108383,0.0496999993920326,-0.00413999985903502,-0.0152000002563,0.104084320366383,1.4988067150116,0.0538400001823902,0.0287999995052814,316.042602539062,0.469268530607224,0.246650129556656,0.295615285634995,0.667197465896606,0.297520667314529,18.7631912231445,0.796305298805237,0.436590433120728,0.539170503616333,0.551962196826935,-0.709461033344269,0.709461033344269,0.573328673839569,0.656064033508301,1.02411472797394,4.88375806808472,8.81861591339111,3.9256284236908,0.793557345867157,7.81861591339111,3.52913093566895,7.81861591339111,26.5727081298828,2.96961545944214,212.663848876953,11.6509666442871,224.494140625,-0.0320024415850639,1.52092909812927,8,-0.165163159370422,0.0181096401065588,-0.00346275186166167,512632,9056625,TRUE
41,"4.3","2.78","1.7","0.07","4.95","0.37","1.02","0.02","1.2","2.96","1.41","40.55","83.32","5.05","11.63",0.0234999991953373,0.0258000008761883,0.048700001090765,0.0210999995470047,0.0828000009059906,0.263099998235703,0.333000004291534,0.307099997997284,0.360799998044968,0.186100006103516,0.0775000005960464,0.395415484905243,0.050500001758337,-0.0191600006073713,-0.0125799998641014,-0.100213222205639,2.30805683135986,0.0696600005030632,0.0229000002145767,1824.49072265625,0.626634478569031,0.349965363740921,0.627272725105286,0.433264881372452,0.307382553815842,18.7632942199707,0.871419847011566,0.439405113458633,0.517990827560425,0.525301456451416,-0.72625070810318,0.72625070810318,0.585825502872467,0.774993360042572,0.983566462993622,5.3059549331665,14.5545024871826,2.73214888572693,0.869976878166199,13.5545024871826,4.39971351623535,13.5545024871826,50.6496315002441,3.81503629684448,211.058624267578,6.2400598526001,59.7533340454102,-0.1999451816082,0.859803438186646,128,-0.184997260570526,-0.0485826544463634,0.00212668743915856,512549,9056612,TRUE
42,"4.5","4.05","5.7","0.23","4.57","0.82","2.24","0.09","1.61","5.71","3.15","28.1","69.32","15.05","15.63",0.0221999995410442,0.0223999992012978,0.0414999984204769,0.0185000002384186,0.0729999989271164,0.279000014066696,0.363999992609024,0.360500007867813,0.383399993181229,0.184300005435944,0.0749000012874603,0.383333325386047,0.0421000011265278,-0.015599999576807,-0.0101399999111891,-0.0953545197844505,2.24324321746826,0.0577000007033348,0.0190999992191792,2341.205078125,0.612103044986725,0.339790165424347,0.611702144145966,0.445783138275146,0.298904538154602,18.7671871185303,0.902374684810638,0.521500468254089,0.583617746829987,0.62288635969162,-0.793532311916351,0.793532311916351,0.634508371353149,0.82376754283905,0.988596498966217,7.6867470741272,19.4864864349365,3.87240529060364,0.901389062404633,18.4864864349365,6.00833320617676,18.4864864349365,56.8279800415039,4.4143500328064,217.200302124023,3.62174320220947,141.009246826172,-0.0634800717234612,0.470146298408508,2,-0.235740318894386,-0.0138706974685192,-0.00736998487263918,512479,9056705,TRUE
43,"4.2","4.19","3.3","0.13","4.44","0.41","1.54","0.02","1.81","4.72","1.97","38.31","65.32","21.05","13.63",0.0208000000566244,0.0244999993592501,0.0546000003814697,0.0226000007241964,0.089199997484684,0.295199990272522,0.351300001144409,0.374300003051758,0.390899986028671,0.196700006723404,0.0844999998807907,0.414507776498795,0.062100000679493,-0.0229599997401237,-0.0203000009059906,-0.0403397046029568,2.41592931747437,0.0850600004196167,0.0300999991595745,1622.4267578125,0.686720252037048,0.397312849760056,0.607210636138916,0.413919419050217,0.38053098320961,18.7582530975342,0.886117398738861,0.5191450715065,0.588192641735077,0.627317249774933,-0.745395183563232,0.745395183563232,0.631531715393066,0.796396374702454,0.994597673416138,5.85531139373779,16.5619468688965,2.83754634857178,0.884882926940918,15.5619468688965,4.84844541549683,15.5619468688965,46.9194412231445,4.06963729858398,215.781112670898,3.14298939704895,47.614143371582,-0.018241235986352,0.415234267711639,128,-0.229606941342354,0.0115733435377479,-0.00278677698224783,512477,9056631,TRUE
44,"4.4","1.68","6.3","0.25","3.68","0.46","2.02","0.1","2.22","5.46","2.58","40.59","37.32","31.05","31.63",0.0227000005543232,0.0258000008761883,0.0498000010848045,0.0232999995350838,0.0860999971628189,0.274800002574921,0.339700013399124,0.343100011348724,0.375499993562698,0.201199993491173,0.0883999988436699,0.362517088651657,0.050500001758337,-0.0171799995005131,-0.0136799998581409,-0.0509164966642857,2.13733911514282,0.0676800012588501,0.0240000002086163,1438.7744140625,0.609798848628998,0.339609950780869,0.56025367975235,0.467871487140656,0.31746032834053,18.7632942199707,0.872816622257233,0.476914823055267,0.553670346736908,0.576233744621277,-0.746500372886658,0.746500372886658,0.607522785663605,0.77569192647934,0.992182612419128,5.8895583152771,14.7253217697144,3.22342777252197,0.87138694524765,13.7253217697144,4.69357061386108,13.7253217697144,45.8330574035645,3.83735871315002,216.419189453125,4.39092779159546,124.985656738281,-0.1383897960186,0.609075486660004,2,-0.198420226573944,-0.012368462048471,-0.00705330446362495,512469,9056525,TRUE
45,"4.2","3.69","2.5","0.1","2.92","0.52","1.25","0.04","1.81","4.26","1.81","42.44","47.4","28.39","24.21",0.0239000003784895,0.0274999998509884,0.0513999983668327,0.0252000000327826,0.0861999988555908,0.270500004291534,0.343300014734268,0.3192999958992,0.357899993658066,0.187000006437302,0.0819000005722046,0.342036545276642,0.0500999987125397,-0.0161199998110533,-0.0129000004380941,-0.0436432622373104,2.03968262672424,0.0662200003862381,0.0239000003784895,1196.19714355469,0.584402799606323,0.322186499834061,0.533604860305786,0.490272372961044,0.302915096282959,18.7633762359619,0.853700995445251,0.438497096300125,0.522380113601685,0.531111717224121,-0.72268682718277,0.72268682718277,0.58295339345932,0.746223568916321,0.9921795129776,5.2120623588562,12.6706352233887,3.04560256004333,0.85198712348938,11.6706352233887,4.16840744018555,11.6706352233887,42.8143920898438,3.55958342552185,225.419189453125,5.09892225265503,153.029098510742,0.143248528242111,0.672562837600708,4,-0.190438076853752,-0.0348619073629379,0.00688464706763625,512382,9056468,TRUE
46,"4.4","2.46","4.5","0.18","9.01","0.99","2.28","0.05","1.81","5.71","3.32","31.68","45.4","30.39","24.21",0.0452999994158745,0.0557999983429909,0.0815000012516975,0.0916000008583069,0.140300005674362,0.229499995708466,0.269400000572205,0.270799994468689,0.342900007963181,0.302599996328354,0.189300000667572,-0.0583477765321732,0.015599999576807,0.046739999204874,-0.00337999989278615,0.242876529693604,0.889737963676453,-0.031139999628067,0.0256999991834164,-31.3698387145996,0.130256190896034,0.0502577312290668,-0.0861040055751801,1.12392640113831,0.187181353569031,18.7770118713379,0.494481235742569,0.200098261237144,0.311688303947449,0.28527694940567,-0.537326157093048,0.537326157093048,0.343032151460648,0.281286776065826,1.19977676868439,2.32269930839539,2.9563319683075,3.73446941375732,0.487604081630707,1.95633184909821,1.56441366672516,1.95633184909821,14.6097927093506,1.71939873695374,220,2.94282364845276,13.4367799758911,-0.145369097590446,0.409690290689468,64,-0.0002599353028927,0.0413669049739838,0.000227920041652396,512318,9056669,TRUE
47,"4.6","3.32","2.2","0.09","4.57","0.66","2.27","0.13","1","4.67","3.06","21.3","55.32","26.47","18.21",0.0417000018060207,0.033100001513958,0.0516000017523766,0.0412000007927418,0.0935000032186508,0.231800004839897,0.280000001192093,0.288800001144409,0.330300003290176,0.27140000462532,0.149800002574921,0.112068966031075,0.0288999993354082,0.00608000019565225,-0.00526000000536442,0.109017498791218,1.25242722034454,0.0228199996054173,0.0185000002384186,213.544052124023,0.322590589523315,0.162816897034645,0.174204349517822,0.798449635505676,0.218417942523956,18.7724113464355,0.750303030014038,0.346924483776093,0.447469890117645,0.432421773672104,-0.696827232837677,0.696827232837677,0.505306124687195,0.59238189458847,1.03271400928497,4.59689903259277,7.00970888137817,4.46884202957153,0.747215151786804,6.00970888137817,3.11206889152527,6.00970888137817,27.7344493865967,2.64758539199829,221.522171020508,2.63041996955872,298.859252929688,-0.0382595360279083,0.354070901870728,16,-0.0615615248680115,-0.0148170134052634,-0.0351762436330318,512270,9056843,TRUE
48,"4.9","2.69","3.2","0.13","6.98","1.03","1.99","0.11","1.81","5.43","3.13","33.3","57.32","26.47","16.21",0.0439000017940998,0.0577999986708164,0.0904000028967857,0.09740000218153,0.146799996495247,0.269300013780594,0.317499995231628,0.312299996614456,0.333000004291534,0.325899988412857,0.203600004315376,-0.0372736938297749,0.0255999993532896,0.0459600016474724,-0.00947999954223633,0.255154639482498,0.928131401538849,-0.0203600004315376,0.032600000500679,-16.9566020965576,0.184209689497948,0.0761904790997505,-0.0538461543619633,1.07743358612061,0.219973012804985,18.7724914550781,0.524530172348022,0.230559602379799,0.354347586631775,0.332684218883514,-0.551030516624451,0.551030516624451,0.377216070890427,0.310320407152176,1.18427181243896,2.45464611053467,3.20636558532715,3.72215175628662,0.51742023229599,2.20636558532715,1.66293931007385,2.20636558532715,13.4689893722534,1.79063272476196,222,1.48120510578156,340.863677978516,0.216926336288452,0.216926336288452,32,-0.0243293512612581,0.102748036384583,-0.00028163511888124,512236,9057010,TRUE
49,"5.1","2.3","3.8","0.15","4.19","1.17","2.22","0.23","1.2","5.8","3.62","20.68","62.67","24.83","12.5",0.049600001424551,0.063000001013279,0.0855000019073486,0.0996999964118004,0.144999995827675,0.256099998950958,0.305200010538101,0.296099990606308,0.329499989748001,0.353100001811981,0.233600005507469,-0.0766738653182983,0.0082999998703599,0.0540799982845783,0.00270000007003546,0.225568532943726,0.857572734355927,-0.045779999345541,0.0225000008940697,-36.1915168762207,0.0757209584116936,0.0248726401478052,-0.11620294302702,1.16608190536499,0.151515156030655,18.7798290252686,0.496210217475891,0.207453101873398,0.328868061304092,0.3052077293396,-0.551886796951294,0.551886796951294,0.353364527225494,0.285944491624832,1.18686354160309,2.46315789222717,2.96990966796875,4.03832578659058,0.488458663225174,1.96990978717804,1.59881210327148,1.96990978717804,13.4073276519775,1.72334265708923,221,0.346652209758759,189.180145263672,0.00965258199721575,0.0597280189394951,8,0.0176231451332569,0.111937269568443,-0.0180300883948803,512189,9056964,TRUE
50,"4.7","1.66","2.3","0.09","2.03","0.45","1.5","0.04","1.61","4.49","1.98","35.77","56.67","16.83","26.5",0.0432999990880489,0.0498000010848045,0.0736000016331673,0.0732999965548515,0.123400002717972,0.239999994635582,0.285199999809265,0.280699998140335,0.310699999332428,0.293300002813339,0.185399994254112,0.00204220553860068,0.024100000038743,0.0290200002491474,-0.00387999997474253,0.190901711583138,1.00409281253815,-0.0049200002104044,0.0238000005483627,1.51418685913086,0.194834187626839,0.0891601890325546,0.0030895983800292,0.995923936367035,0.19286872446537,18.7735977172852,0.585875689983368,0.247612223029137,0.364285707473755,0.339460283517838,-0.584532856941223,0.584532856941223,0.403501957654953,0.385453790426254,1.11330759525299,2.8138587474823,3.82946801185608,3.79831314086914,0.579895973205566,2.82946801185608,1.91082370281219,2.82946801185608,17.2050876617432,1.95690262317657,217.799697875977,2.6334593296051,293.483032226562,-0.146117687225342,0.415422856807709,16,-0.0145939085632563,0.0254726279526949,-0.00818832125514746,512052,9056811,TRUE
51,"4.8","1.25","5","0.2","2.92","0.5","1.76","0.03","1.81","5.17","2.3","34.97","58.67","20.83","20.5",0.0421000011265278,0.0425999984145164,0.0722000002861023,0.0612000003457069,0.128000006079674,0.232099995017052,0.265300005674362,0.283499985933304,0.281199991703033,0.287600010633469,0.186599999666214,0.0824587717652321,0.0406000018119812,0.0134800001978874,-0.0125599997118115,0.179190754890442,1.17973852157593,0.0271199997514486,0.0296000000089407,75.1573181152344,0.333213984966278,0.163577765226364,0.121145375072956,0.847645401954651,0.25783970952034,18.7667236328125,0.644908607006073,0.282077968120575,0.39475554227829,0.372072905302048,-0.594039916992188,0.594039916992188,0.440459668636322,0.454180598258972,1.08367073535919,2.92659282684326,4.63235282897949,3.32835841178894,0.640067517757416,3.63235282897949,2.12518739700317,3.63235282897949,19.8672065734863,2.1522901058197,218,5.08888754974322e-14,270,0,0,32,0.000660219811834395,0.00209373608231544,-0.0108539219945669,512005,9056868,TRUE
52,"4.7","1.98","4.4","0.18","2.16","0.67","3.56","0.04","2.42","7.25","4.27","33.36","48.67","12.83","38.5",0.0377000011503696,0.045099999755621,0.0542000010609627,0.0688000023365021,0.0852999985218048,0.123000003397465,0.149299994111061,0.135499998927116,0.211500003933907,0.235200002789497,0.193299993872643,-0.118699185550213,-0.00549999997019768,0.0421199984848499,0.00894000008702278,0.208077266812325,0.787790715694427,-0.0476199984550476,0.00910000037401915,-129.146469116211,-0.0273552611470222,-0.0247413404285908,-0.187419772148132,1.2693727016449,0.0916414931416512,18.7869110107422,0.326480656862259,0.0883888602256775,0.142055943608284,0.11544206738472,-0.428571432828903,0.428571432828903,0.18309086561203,0.135135129094124,1.35532236099243,1.5,1.9694766998291,3.17343163490295,0.321596294641495,0.969476759433746,1.10162603855133,0.969476759433746,21.9149570465088,1.40338051319122,217.522171020508,4.35232162475586,270,-0.179184064269066,0.570815920829773,16,0.139522954821587,-0.183016210794449,0.000716165464837104,512071,9057046,TRUE
53,"4.8","1.34","0.9","0.04","1.65","0.45","2.59","0.01","1.4","5.22","3.05","26.88","62.67","12.98","24.36",0.0366999991238117,0.043699998408556,0.0683000013232231,0.062100000679493,0.112999998033047,0.202500000596046,0.232199996709824,0.240299999713898,0.250299990177155,0.246999993920326,0.170399993658066,0.0475460104644299,0.030799999833107,0.0186400003731251,-0.00712000019848347,0.173913046717644,1.09983897209167,0.0121600003913045,0.0245999991893768,44.9412002563477,0.264427423477173,0.12706270813942,0.0715109556913376,0.909224033355713,0.219642862677574,18.7709827423096,0.589285731315613,0.229562252759933,0.333125621080399,0.302528262138367,-0.55735582113266,0.55735582113266,0.385380625724792,0.39147475361824,1.10325479507446,2.51830172538757,3.86956524848938,3.19892430305481,0.584044456481934,2.86956524848938,1.84279143810272,2.86956524848938,20.2645244598389,1.96712100505829,218,1.66341471672058,360,-0.217801675200462,0.217801675200462,128,0.0251390729099512,-0.0744447037577629,0.00886512082070112,512090,9057116,TRUE
54,"4.8","1.96","1.8","0.07","2.03","0.34","2.49","0.02","1.81","5.16","2.85","35.06","66.67","10.98","22.36",0.049600001424551,0.0538999997079372,0.0619000010192394,0.0772999972105026,0.0892999991774559,0.101000003516674,0.115699999034405,0.112499997019768,0.145500004291534,0.231299996376038,0.223800003528595,-0.110632181167603,-0.00740000000223517,0.0463199988007545,0.0135599998757243,0.178353652358055,0.800776183605194,-0.0537200011312962,0.00800000037997961,-93.6310043334961,-0.0418675467371941,-0.0290196072310209,-0.180539280176163,1.24878835678101,0.0690846294164658,18.7872581481934,0.18545837700367,0.0444321036338806,0.076543927192688,0.0604526735842228,-0.290137618780136,0.290137618780136,0.100628927350044,0.0367601253092289,1.66477274894714,0.817447483539581,1.45536863803864,2.26960730552673,0.181474670767784,0.45536869764328,0.808189630508423,0.45536869764328,21.8254985809326,1.2063866853714,221,3.44246101379395,300.713348388672,0.290604174137115,0.496968626976013,32,0.211370125412941,-0.216011852025986,0.0188395828008652,512166,9057120,TRUE
55,"4.8","2.46","2.5","0.1","1.78","1.07","2.04","0.01","1.61","5.39","3.12","29.8","76.67","10.98","12.36",0.0421999990940094,0.0586000010371208,0.0887999981641769,0.109600000083447,0.140900000929832,0.209800004959106,0.245800003409386,0.254799991846085,0.25780001282692,0.352200001478195,0.243100002408028,-0.104838706552982,0.00939999986439943,0.064640000462532,-0.00675999978557229,0.303210467100143,0.810218989849091,-0.0552400015294552,0.0302000008523464,-43.5670318603516,0.102242104709148,0.0271833427250385,-0.148783981800079,1.23423421382904,0.20488466322422,18.7795906066895,0.398463219404221,0.154343292117119,0.251966685056686,0.226289793848991,-0.483119904994965,0.483119904994965,0.276887863874435,0.176868200302124,1.3512396812439,1.86936938762665,2.32481741905212,3.54147386550903,0.391561925411224,1.32481753826141,1.28427422046661,1.32481753826141,13.048734664917,1.52473521232605,215,0.757597506046295,338.9189453125,-0.135548532009125,0.135548532009125,1,0.101727709174156,0.0424081198871136,-0.0137915797531605,512005,9056970,TRUE
56,"4.3","3.23","1.9","0.08","1.9","0.41","1.6","0.01","1.2","3.9","2.02","30.74","66.67","18.98","14.36",0.0238000005483627,0.0212999992072582,0.0456999987363815,0.0183000005781651,0.0754999965429306,0.291700005531311,0.365200012922287,0.320699989795685,0.414000004529953,0.195500001311302,0.0847999975085258,0.428124994039536,0.0518000014126301,-0.0200800001621246,-0.01587999984622,-0.0757575780153275,2.4972677230835,0.0718799978494644,0.0243999995291233,2507.240234375,0.685435056686401,0.395419836044312,0.641686201095581,0.400437623262405,0.364179104566574,18.7629718780518,0.89203542470932,0.47539696097374,0.540643632411957,0.558500647544861,-0.750545859336853,0.750545859336853,0.606012046337128,0.806656122207642,0.990079343318939,6.01750564575195,17.5245895385742,2.8100733757019,0.891010880470276,16.5245895385742,5.01093769073486,16.5245895385742,57.7629890441895,4.18623828887939,218.419189453125,6.4725489616394,155.786117553711,0.0513221807777882,0.909690320491791,2,-0.225648432970047,-0.0027165487408638,-0.0124895954504609,512466,9056373,TRUE
57,"4.6","1.72","1.8","0.07","3.3","0.46","2.39","0.01","1.61","5.18","2.86","30.98","68.52","12.83","18.65",0.0520999990403652,0.0502000004053116,0.0803000032901764,0.0772000029683113,0.165900006890297,0.272000014781952,0.316100001335144,0.326400011777878,0.342200011014938,0.373199999332428,0.252000004053116,0.019682539626956,0.0331999994814396,0.0277800001204014,-0.0100199999287724,0.211930930614471,1.0401554107666,0.0054199998266995,0.0300999991595745,12.7050552368164,0.24920254945755,0.115277774631977,0.028890959918499,0.961394786834717,0.230651333928108,18.7695636749268,0.617443025112152,0.287613689899445,0.413678616285324,0.396822333335876,-0.605114340782166,0.605114340782166,0.442157566547394,0.418455749750137,1.10834670066833,3.06475710868835,4.22797918319702,3.90783619880676,0.611570596694946,3.22797918319702,2.07238101959229,3.22797918319702,16.0170936584473,2.05620503425598,221,1.06701409816742,187.725677490234,-0.132160604000092,0.132160604000092,8,0.00491607654839754,0.149903237819672,-0.0422551967203617,512218,9056873,TRUE
58,"4.5","2.35","2.2","0.09","1.9","0.39","1.35","0.01","1.61","3.9","1.74","41.13","60.52","18.83","20.65",0.0432999990880489,0.0724999979138374,0.102799996733665,0.120999999344349,0.162100002169609,0.229699999094009,0.261799991130829,0.265199989080429,0.310699999332428,0.374700009822845,0.290300011634827,-0.0813226103782654,0.0120999999344349,0.066600002348423,-0.00130000000353903,0.250645995140076,0.84958678483963,-0.0544999986886978,0.0303000006824732,-26.3253707885742,0.0928287729620934,0.0303182154893875,-0.120290815830231,1.17704284191132,0.172846555709839,18.777624130249,0.373381674289703,0.142211884260178,0.244075834751129,0.220102727413177,-0.441304355859756,0.441304355859756,0.264005869626999,0.165085390210152,1.33633840084076,1.57976651191711,2.19173550605774,3.03649568557739,0.365088701248169,1.19173550605774,1.18498659133911,1.19173550605774,12.0352020263672,1.48045110702515,219,1.34804880619049,276.677062988281,-0.168454214930534,0.168454214930534,16,0.106931045651436,0.11599925160408,-0.0121130868792534,512098,9056849,TRUE
59,"4.5","2.8","4.1","0.16","17.51","0.95","1.91","0.01","1.4","5.26","2.87","26.65","64.52","18.83","16.65",0.046900000423193,0.0829999968409538,0.113799996674061,0.152199998497963,0.194700002670288,0.258899986743927,0.299100011587143,0.28659999370575,0.321799993515015,0.425000011920929,0.317499995231628,-0.144360899925232,-0.00760000012814999,0.0992799997329712,0.00240000011399388,0.294217675924301,0.747700393199921,-0.106880001723766,0.030799999833107,-34.048583984375,0.0124238561838865,-0.0164217799901962,-0.209836065769196,1.33743405342102,0.156504064798355,18.7857265472412,0.306289881467819,0.119051836431026,0.214742228388786,0.195043101906776,-0.431568443775177,0.431568443775177,0.224448904395103,0.0967359021306038,1.51488089561462,1.51845347881317,1.8830486536026,3.36826539039612,0.297718852758408,0.883048593997955,1.07744359970093,0.883048593997955,10.0594854354858,1.37224221229553,221.522171020508,2.58338475227356,236.215270996094,0.0497055388987064,0.338693052530289,16,0.116821855306625,0.203306943178177,-0.0081983283162117,512205,9056700,TRUE
60,"4.4","1.7","0.6","0.02","1.65","0.79","1.77","0","1","4.47","2.57","22.26","82.52","4.83","12.65",0.0333999991416931,0.0474999994039536,0.0584999993443489,0.0656000003218651,0.0954999998211861,0.137500002980232,0.155699998140335,0.133399993181229,0.276300013065338,0.254099994897842,0.205599993467331,-0.0572119243443012,0.00389999989420176,0.0333399996161461,0.00800000037997961,0.160035371780396,0.891768276691437,-0.0294400006532669,0.0109999999403954,-59.828857421875,0.046839751303196,0.0169491525739431,-0.0926892980933189,1.1213675737381,0.103773586452007,18.7826309204102,0.340703517198563,0.0900039821863174,0.145493566989899,0.118040360510349,-0.390307456254959,0.390307456254959,0.188857942819595,0.15924383699894,1.26696169376373,1.2803418636322,2.03353667259216,2.55710124969482,0.335450917482376,1.03353655338287,1.07493960857391,1.03353655338287,22.7401542663574,1.42602121829987,221,2.58656525611877,30.839771270752,-0.257496565580368,0.417018890380859,128,0.124078556895256,-0.138929933309555,-0.0132880229502916,512708,9056443,TRUE
